{"raqqa|syria": [35.94968, 39.00892], "|nigeria": [9.60004, 7.99997], "kabul|afghanistan": [34.52695, 69.18506], "|israel": [30.81242, 34.85948], "|serbia (yugoslavia)": [45.32021, 19.70734], "rb, rb|serbia (yugoslavia)": [45.32021, 19.70734], "|algeria": [36.77293, 3.05884], "ain fekan commune|algeria": [36.77293, 3.05884], "|dr congo (zaire)": [-0.64949, 17.66522], "dr congo (zaire)|dr congo (zaire)": [-0.64949, 17.66522], "|kenya": [1.44197, 38.4314], "eastern (loyangalani area, close to lake turkana)|kenya": [1.44197, 38.4314], "|somalia": [8.36768, 49.08342], "southern somalia|somalia": [8.36768, 49.08342], "lower juba region|somalia": [8.36768, 49.08342], "kikorongo village|uganda": [0.00269, 29.99862], "|mozambique": [-19.30223, 34.9145], "palma, mozambique|mozambique": [-19.30223, 34.9145], "zamfara state, nigeria|nigeria": [9.60004, 7.99997], "|south korea": [36.63839, 127.69612], "gadeokdo, south korea|south korea": [36.63839, 127.69612], "|united states of america": [39.78373, -100.44588], "new orleans, louisiana, united states|united states of america": [39.78373, -100.44588], "|afghanistan": [33.76801, 66.23851], "kabul, afghanistan|afghanistan": [33.76801, 66.23851], "|ukraine": [49.4872, 31.27183], "|kazakhstan": [48.1013, 66.77808], "|georgia": [32.32938, -83.11374], "|iran": [32.64753, 54.56435], "|turkey": [39.29408, 35.23166], "|italy": [42.63843, 12.6743], "|pakistan": [30.33084, 71.2475], "|iraq": [33.09558, 44.17498], "|palestinian territories": [31.46242, 34.26272], "|niger": [17.73562, 9.32384], "|india": [22.35111, 78.66774], "|russia (soviet union)": [56.3457, 43.84446], "|venezuela": [8.00187, -66.11093], "|united kingdom": [54.70235, -3.27658], "|australia": [-24.77611, 134.755], "|ireland": [52.8652, -7.97946], "|canada": [61.06669, -107.99171], "|new zealand": [-41.50008, 172.83441], "|south africa": [-28.81662, 24.99164], "|belarus": [53.42506, 27.69714], "|lebanon": [33.87506, 35.84341], "|myanmar (burma)": [17.17505, 95.99997], "|germany": [51.16382, 10.44783], "|syria": [34.64019, 39.04941], "|kuwait": [29.2734, 47.49795], "|mali": [16.37004, -2.29002], "|mexico": [23.65851, -102.00771], "|colombia": [4.09992, -72.90881], "|libya": [26.82345, 18.12367], "|netherlands": [52.2435, 5.63432], "|switzerland": [46.79856, 8.23197], "winterthur, switzerland|switzerland": [46.79856, 8.23197], "|united states": [39.78373, -100.44588], "|russia": [64.68631, 97.74531], "|poland": [52.21593, 19.13442], "|spain": [39.32607, -4.83798], "|kyrgyzstan": [41.50893, 74.72409], "|norway": [61.15294, 8.78767], "|qatar": [25.3337, 51.22953], "|ethiopia": [10.21167, 38.65212], "|uzbekistan": [41.32373, 63.95281], "|yemen": [16.34712, 47.89153], "|sri lanka": [7.55549, 80.71378], "|philippines": [12.75035, 122.73121], "|chad": [15.61341, 19.01562], "|cameroon": [4.61255, 13.15358]}